doc_id,text,Likes,Love,Haha,Wow,Angry,Sad,Care,Shares,Comments,Total Interactions,Total Views,Total Views For All Crossposts,Link,Link Text,Followers at Posting,Overperforming Score,Page Admin Top Country,Page Category,Page Name,Page Created,Page Description,Post Created,Post Created Date,Post Created Time,Post Views,Type,URL,User Name,Video Length,Video Share Status
5576,"New year, new chance to sign up for a quality ACA healthcare plan. Before January 15, take some time to find a plan that works for you and #GetCovered in 2023 at",36,6,9,0,0,0,1,6,58,116,0,0,https://healthcare.gov/,Get 2023 health coverage. Health Insurance Marketplace¬Æ,262502,-1.41,US,GOVERNMENT_OFFICIAL,Senator Tammy Duckworth,2013-01-03 17:35:17,"U.S. Senator Tammy Duckworth is an Iraq War Veteran, Purple Heart recipient and former Assistant Secretary of the Department of Veterans Affairs. She was among the first Army women to fly combat missions during Operation Iraqi Freedom. Duckworth served in the Reserve Forces for 23 years before retiring from military service in 2014 at the rank of Lieutenant Colonel. She was elected to the U.S. Senate in 2016 after representing Illinois‚Äôs Eighth Congressional District in the U.S. House of Representatives for two terms.

Duckworth attended college at the University of Hawaii and earned a Master of Arts in International Affairs from the George Washington University. Following graduation, Duckworth, who is fluent in Thai and Indonesian, moved to Illinois and began pursuing a Ph.D. in Political Science at Northern Illinois University. She also worked at NIU‚Äôs School of Nursing researching public health and environmental causes of cancer. Later, Duckworth worked for Rotary International as a manager for administration of Rotary clubs in the Asia Pacific Region.

In 2004, Duckworth was deployed to Iraq as a Black Hawk helicopter pilot for the Illinois Army National Guard. On November 12, 2004, her helicopter was hit by an RPG and Duckworth lost her legs and partial use of her right arm.

Senator Duckworth spent the next year recovering at Walter Reed Army Medical Center, where she quickly became an advocate for her fellow Soldiers and testified before Congress about caring for our Veterans and wounded warriors. Following her recovery, she became Director of the Illinois Department of Veterans Affairs, working to create a tax credit for employers who hired Veterans, establish a first-in-the-nation 24/7 Veterans crisis hotline and develop innovative programs to improve Veterans‚Äô access to housing and health care.

In 2009, President Obama appointed Duckworth to be Assistant Secretary of Veterans Affairs. At VA, Duckworth coordinated the joint initiative with the U.S. Department of Housing and Urban Development to end Veteran homelessness. She also created the Office of Online Communications to improve the VA‚Äôs accessibility, especially among young Veterans, and also worked to address the unique challenges that Native American and female Veterans face.

Since her recovery, Duckworth has resumed flying as a civilian pilot and fulfilled a promise she made at Walter Reed by completing several marathons. In her spare time, she volunteers at local food pantries and enjoys couponing and flea markets. In 2015, Duckworth completed her Ph.D in Human Services at Capella University.

In the U.S. House, Duckworth was an advocate for working families and job creation, introducing bills like her bipartisan Friendly Airports for Mothers Act to ensure new mothers have access to safe, clean and accessible lactation rooms when traveling through airports, which passed the Senate. She introduced the In the Red Act to help put our nation on the path toward debt-free college, the Get the Lead Out Act to keep America‚Äôs drinking water safe and bipartisan legislation to help close the skills gap while helping people find good-paying jobs. Duckworth also co-sponsored the No Budget, No Pay Act, which would ensure members of Congress only get paid if they pass a budget.

She also served on the House Armed Services Committee and the House Oversight and Government Reform Committee, where she was Ranking Member of the Transportation and Public Assets subcommittee. She introduced and helped pass several important policies through her work on these committees, including the Clay Hunt SAV Act to help reduce Veterans suicide and improve VA mental health services and the Troop Talent Act which helps returning Veterans find jobs in the private sector. She also effectively cut waste and fraud at the Pentagon and throughout government, including passing a common-sense provision to reduce redundancy in Armed Forces uniforms that the nonpartisan U.S. Government Accountability Office found will save taxpayers more than $4 billion over 5 years.

In the U.S. Senate, Duckworth serves on several influential committees that give her an important platform to advocate for Illinois‚Äôs working families and entrepreneurs: the Environment & Public Works Committee; the Energy & Natural Resources Committee; the Commerce, Science, & Transportation Committee; and the Small Business & Entrepreneurship Committee. As Senator, she advocates for practical, common-sense solutions needed to move our country and our state forward like: rebuilding our crumbling infrastructure, keeping our water systems safe and lead-free, growing manufacturing jobs while supporting minority-owned small businesses, investing in communities that have been ignored for too long, and making college more affordable for all Americans. And Duckworth continues with her lifelong mission of supporting, protecting and keeping the promises we‚Äôve made to our Veterans as well as ensuring that we stand fully...",2023-01-02 12:46:02 PST,2023-01-02,12:46:02,0,Link,https://www.facebook.com/100044433069554/posts/754751356015960,SenDuckworth,,
1451,"It‚Äôs been incredible to meet with so many New Yorkers today as we celebrate #MLKDay and as we work to honor the life and legacy of Reverend Dr. Martin Luther King, Jr. by continuing his march toward equality for all.",373,97,19,2,1,0,9,41,363,905,0,0,https://www.facebook.com/photo.php?fbid=752913616193244&set=a.430226798461929&type=3,Photos from Senator Chuck Schumer's post,581699,1.07,US,GOVERNMENT_OFFICIAL,Senator Chuck Schumer,2008-06-18 5:15:55,"Official Account of Senator Chuck Schumer, New York‚Äôs Senator and the Senate Majority Leader.",2023-01-16 12:31:10 PST,2023-01-16,12:31:10,0,Photo,https://www.facebook.com/100044238375809/posts/752914479526491,senschumer,,
7326,"Glad to be at the historic opening of the Alief Multi-Service Center; joined by Mayor @sylvesterturner and Councilmember @tiffanydeshellthomas . From swimming pools, to tennis courts, to skate parks, this facility will serve our city greatly for years to come.",35,10,9,0,0,0,0,4,10,68,0,0,https://www.facebook.com/photo.php?fbid=718428489640576&set=a.401340048016090&type=3,Photos from Congresswoman Sheila Jackson Lee's post,59090,-3.15,US,POLITICIAN,Congresswoman Sheila Jackson Lee,2009-09-16 22:20:30,Representing the 18th Congressional District of Texas since 1995,2023-01-14 20:39:46 PST,2023-01-14,20:39:46,0,Photo,https://www.facebook.com/100044202950815/posts/718428542973904,CongresswomanSheilaJacksonLee,,
4101,"I obtained $1,800,000 for the Roe Road Extension Project in Paradise and $1,400,000 for the Cohasset Road Widening and Fire Safety Project to improve evacuation routes in those areas. These projects are focused on increasing road capacity to help people more quickly evacuate areas threatened by natural disasters, such as wildfires. This also aids first responders and emergency services to get to a disaster scene more expeditiously. These improvements to evacuation infrastructure will improve the safety and quality of life for the residents of Paradise and Butte County. Learning from previous disasters and expanding our ability to react and respond helps us prepare for potential new ones.",83,2,8,2,0,0,1,7,90,193,0,0,https://lamalfa.house.gov/media-center/press-releases/congressman-lamalfa-announces-cohasset-road-widening-and-roe-road,Congressman LaMalfa Announces Cohasset Road Widening and Roe Road Extension Funding,28147,1.16,US,GOVERNMENT_OFFICIAL,Rep. Doug LaMalfa,2014-11-10 16:20:00,"This is the official Facebook page of Representative Doug LaMalfa, a father and farmer proudly servi",2023-01-09 14:27:21 PST,2023-01-09,14:27:21,0,Link,https://www.facebook.com/100044702941828/posts/693913072108785,RepLaMalfa,,
2551,The fatal beating of Tyre Nichols is horrifying. I‚Äôm devastated for his family and the Memphis community. We must fight for a world that ends this injustice and inhumane brutality at last.,81,2,0,0,1,18,23,7,275,407,0,0,,,109209,1.37,US,GOVERNMENT_OFFICIAL,Senator Michael Bennet,2009-06-26 14:35:24,"Michael Bennet is a U.S. Senator from Colorado. To send him a message, visit bennet.senate.gov",2023-01-28 08:10:14 PST,2023-01-28,8:10:14,0,Status,https://www.facebook.com/100044567373540/posts/731701964992043,senbennetco,,
9201,"I am honored to continue serving on the Transportation and Infrastructure Committee Republicans. Solid infrastructure is critical to Florida‚Äôs economy, which is dependent on moving goods and people efficiently and effectively. There‚Äôs important work to be done in improving our infrastructure, and I look forward to working with Sam Graves, the members and applying my nearly 40 years of transportation policy and program experience to invest in our infrastructure system with creative funding ideas and innovative programs.",17,0,1,0,1,0,0,0,16,35,0,0,https://transportation.house.gov/news/documentsingle.aspx?DocumentID=406033,Graves Welcomes Republican T&I Committee Members Recommended by Steering Committee for the 118th Congress | Transportation and Infrastructure Committee,22353,-1.57,US,GOVERNMENT_OFFICIAL,Congressman Daniel Webster,2011-01-04 15:11:24,Congressman Daniel Webster represents the constituents of Florida's 11th Congressional District.,2023-01-17 09:28:44 PST,2023-01-17,9:28:44,0,Link,https://www.facebook.com/100044286711124/posts/734274434725440,RepWebster,,
4301,I am grateful for the opportunity to represent the citizens of South Carolina‚Äôs Second Congressional District and remain accessible to them.,60,14,8,0,1,0,1,4,92,180,0,0,https://joewilson.house.gov/media-center/press-releases/wilson-sworn-into-118th-congress,Wilson Sworn into 118th Congress,40855,2.61,US,GOVERNMENT_OFFICIAL,Joe Wilson,2009-04-08 15:34:51,"This is my official Congressional Facebook page. 
",2023-01-07 09:16:37 PST,2023-01-07,9:16:37,0,Link,https://www.facebook.com/100044511644510/posts/716757949817920,JoeWilson,,
8601,"As we pause, today, to honor the life and legacy of Dr. Martin Luther King Jr., let us also recommit ourselves to creating the more just and equal society he dreamt of. #MLKday",30,9,0,0,1,0,0,3,2,45,0,0,https://www.facebook.com/photo.php?fbid=707945004043036&set=a.430209915149881&type=3,,27357,-4.13,US,GOVERNMENT_OFFICIAL,Congresswoman Diana DeGette,2009-06-23 20:42:48,I have the honor of representing Colorado's 1st Congressional District.,2023-01-16 07:24:30 PST,2023-01-16,7:24:30,0,Photo,https://www.facebook.com/100044826287042/posts/707945037376366,DianaDeGette,,
9376,"Exciting news! Georgia Southern University Soldier Performance and Readiness Program is expanding nationwide. Due to GSU‚Äôs incredible leadership, the SPAR Program now has federal funding to help service-members with their combat readiness training. What an accomplishment. Read more here: ",17,2,1,0,0,0,0,4,8,32,0,0,https://news.georgiasouthern.edu/2023/01/11/georgia-southern-program-to-improve-soldiers-physical-and-combat-readiness-to-expand-nationwide-with-5-7-million-federal-funding-boost/,Georgia Southern program to improve soldiers‚Äô physical and combat readiness to expand nationwide with $5.7 million federal funding boost | Newsroom,36494,-2.56,US,GOVERNMENT_OFFICIAL,Congressman Buddy Carter,2015-01-07 15:31:43,Proudly serving Georgia's 1st Congressional District,2023-01-17 06:54:04 PST,2023-01-17,6:54:04,0,Link,https://www.facebook.com/100044233036282/posts/723476425803452,CongressmanBuddyCarter,,
7126,"The Democratic Women's Caucus is united and ready for the fight ahead. As your representatives, we will do everything in our power to protect access to safe, legal abortion across the United States.",44,11,2,0,0,0,0,4,10,71,0,0,https://www.facebook.com/photo.php?fbid=773590600789163&set=a.483887559759470&type=3,,26376,1.08,US,GOVERNMENT_OFFICIAL,Congresswoman Norma Torres,2011-12-20 21:20:25,U.S. Representative for California's 35th District. Mother. Grandmother.,2023-01-11 15:05:01 PST,2023-01-11,15:05:01,0,Photo,https://www.facebook.com/100044146913793/posts/773590620789161,RepNormaTorres,,
4276,"It was an honor to join the thousands of Hoosiers who walked in today‚Äôs Indiana March for Life. Hoosiers have been - and always will be - strong leaders of the pro-life movement, and I remain committed to protecting the sanctity of life in the U.S. Senate.",40,12,15,0,3,1,0,1,109,181,0,0,https://www.facebook.com/photo.php?fbid=742026917278518&set=a.434088928072320&type=3,,98561,-1.33,US,GOVERNMENT_OFFICIAL,Senator Todd Young,2011-01-04 22:18:46,Representing Indiana in the U.S. Senate,2023-01-23 12:56:55 PST,2023-01-23,12:56:55,0,Photo,https://www.facebook.com/100044136504228/posts/742026937278516,SenatorToddYoung,,
3201,Every child is a precious gift and it is our duty to protect these innocent children who are unable to protect themselves.,90,24,11,1,1,2,4,5,151,289,0,0,https://www.facebook.com/photo.php?fbid=735418444616128&set=a.435724424585533&type=3,,31086,1.6,US,GOVERNMENT_OFFICIAL,Congressman John Moolenaar,2014-12-18 3:39:16,The official Facebook page of Congressman John Moolenaar.,2023-01-22 12:02:08 PST,2023-01-22,12:02:08,0,Photo,https://www.facebook.com/100044439369383/posts/735418461282793,RepMoolenaar,,
1276,"On #HolocaustRemembranceDay, we remember the millions of Jews and innocent people who were murdered by the Nazis. Anti-Semitism, bigotry and hateful acts of violence should have no place in this country and we must continue to use every tool we have to defeat them.",601,61,1,0,0,9,247,45,116,"1,080",0,0,,,3377815,-2.17,US,GOVERNMENT_OFFICIAL,U.S. Senator Elizabeth Warren,2013-01-10 16:12:52,Official page of the office of U.S. Senator Elizabeth Warren of Massachusetts,2023-01-27 14:37:00 PST,2023-01-27,14:37:00,0,Status,https://www.facebook.com/100044156213474/posts/735790041236196,senatorelizabethwarren,,
8626,City leaders have asked for clarity from the federal government regarding the Fufeng project. We should be severing ties with China. Inserting them further into our critical supply chains in close proximity to our national defense puts us at risk. My response to the United States Air Force's official position that Fufeng poses a significant threat to national security ‚¨áÔ∏è,20,1,2,0,0,0,0,2,19,44,659,0,https://www.facebook.com/SenatorKevinCramer/videos/576198394095188/,U.S. Air Force Says Fufeng is Significant Threat to National Security,27910,-1.45,US,GOVERNMENT_OFFICIAL,Senator Kevin Cramer,2013-01-01 21:41:12,"I welcome constituent comments on ideas, issues, and views. Inappropriate comments will be deleted.",2023-02-01 06:38:34 PST,2023-02-01,6:38:34,657,Native Video,https://www.facebook.com/100044370431756/posts/771334944355513,SenatorKevinCramer,0:01:28,owned
6851,"With the Inflation Reduction Act, Democrats & President Joe Biden are reducing the federal deficit by hundreds of billions of dollars. Our plan balances the budget while protecting critical lifelines, like Social Security & Medicare, for millions of seniors & people with disabilities.",35,3,9,0,0,0,0,2,28,77,0,0,,,35375,-1.45,US,GOVERNMENT_OFFICIAL,Rep. Debbie Dingell,2015-01-08 12:44:35,Proudly representing Michigan's Sixth Congressional District.,2023-01-31 15:02:54 PST,2023-01-31,15:02:54,0,Status,https://www.facebook.com/100044316615250/posts/746618810158666,RepDebbieDingell,,
8026,There are now more Latinos serving in Congress than ever before. We are 42 strong and ready to get to work for families across the country.,39,4,1,1,0,0,1,1,7,54,0,0,https://www.facebook.com/photo.php?fbid=734169061402710&set=a.409365700549716&type=3,Photos from U.S. Rep. Tony C√°rdenas's post,14868,1.59,US,GOVERNMENT_OFFICIAL,U.S. Rep. Tony C√°rdenas,2012-08-30 18:41:12,Proud to represent CA‚Äôs 29th District - the San Fernando Valley - in Congress.,2023-01-18 12:28:15 PST,2023-01-18,12:28:15,0,Photo,https://www.facebook.com/100044288686801/posts/734183251401291,CongressmanCardenas,,
8876,This drop in student vaccination rates is alarming and increases the risk of communicable diseases spreading in our schools. I encourage parents to ensure their kids‚Äô vaccination records up-to-date to protect our schools and communities.,14,0,2,0,0,2,1,0,21,40,0,0,https://newhampshirebulletin.com/2023/01/25/health-leaders-are-cheerleading-for-childhood-vaccines-as-student-vaccination-rates-drop/?eType=EmailBlastContent&eId=976c5006-8ea0-4ba4-bb6b-b66efde7914d,Health leaders are 'cheerleading' for childhood vaccines as student vaccination rates drop ‚Äì New Hampshire Bulletin,48378,-1.43,US,GOVERNMENT_OFFICIAL,Senator Jeanne Shaheen,2010-06-15 19:20:24,U.S. Senator Jeanne Shaheen is proud to represent the people of New Hampshire. Follow on Twitter at:,2023-01-26 08:02:47 PST,2023-01-26,8:02:47,0,Link,https://www.facebook.com/100044415254490/posts/731806974976471,SenatorShaheen,,
5551,"On Idaho Human Rights and Martin Luther King Jr. Day, we reflect on Dr. King‚Äôs powerful legacy of fighting for justice and equal rights for all Americans. We must continue his fight.",80,18,0,0,0,0,2,14,3,117,0,0,https://www.facebook.com/photo.php?fbid=702093334614251&set=a.467484494741804&type=3,,18615,1.05,US,POLITICAL_PARTY,Idaho Democratic Party,2008-07-15 19:34:06,"The Idaho Democratic Party | People, Progress, Prosperity",2023-01-16 07:39:19 PST,2023-01-16,7:39:19,0,Photo,https://www.facebook.com/100044407720227/posts/702093364614248,idahodems,,
6001,"More than six million Americans have Alzheimer‚Äôs, including many dear friends and loved ones in California‚Äôs 26th Congressional District. Recently, I had the pleasure of meeting with local volunteers with the Alzheimer's Association, California Central Coast Chapter. This wonderful team shared with me the important work they are doing to accelerate global research on Alzheimer‚Äôs and provide quality care and support to all those affected by dementia.",74,13,0,0,0,0,1,4,9,101,0,0,https://www.facebook.com/photo.php?fbid=755972915897353&set=a.447049296789718&type=3,,21369,-1.63,US,GOVERNMENT_OFFICIAL,Congresswoman Julia Brownley,2013-02-08 3:08:34,Fighting #ForThePeople of California's 26th Congressional District,2023-01-26 14:35:08 PST,2023-01-26,14:35:08,0,Photo,https://www.facebook.com/100044539543137/posts/755974052563906,RepBrownley,,
9751,A good move by my friend and former colleague Secretary Deb Haaland.,19,1,0,0,0,0,4,1,3,28,0,0,https://www.bbc.com/news/world-us-canada-64252259.amp,US renames five places that used racist slur for Native Americans,42207,-1.46,US,GOVERNMENT_OFFICIAL,Congressman Brad Sherman,2009-04-07 17:34:11,"Brad Sherman represents California's 32nd Congressional District

Website: BradSherman.house.gov",2023-01-15 16:35:25 PST,2023-01-15,16:35:25,0,Link,https://www.facebook.com/100044693033679/posts/714802540019507,CongressmanBradSherman,,
4776,"Last week, I had the opportunity to visit Yad Vashem: World Holocaust Center, Jerusalem and reflect on the lasting legacy of one of history‚Äôs darkest periods. On International Holocaust Remembrance Day, let us remember the millions of lives lost and our shared responsibility to confront hate before it becomes evil.",88,14,0,0,0,0,18,8,24,152,0,0,https://www.facebook.com/photo.php?fbid=726803895481850&set=a.478382240324018&type=3,Senator Michael Bennet,109208,-1.89,US,GOVERNMENT_OFFICIAL,Senator Michael Bennet,2009-06-26 14:35:24,"Michael Bennet is a U.S. Senator from Colorado. To send him a message, visit bennet.senate.gov",2023-01-27 08:29:35 PST,2023-01-27,8:29:35,0,Photo,https://www.facebook.com/100044567373540/posts/731072021721704,senbennetco,,
7826,"News: My bill to name a New Braunfels post office, just a block away from a twist and turn of the great Guadalupe River, after its great, late Bob Krueger, is now law! Looking forward to honoring his memory and making his rich legacy ‚Äî his values, his grace, his kindness, his commitment to service ‚Äî a part of our future. Reflections from his family in the New Braunfels Herald-Zeitung:",43,7,0,0,0,0,2,1,5,58,0,0,https://herald-zeitung.com/community_alert/new-braunfels-post-office-to-be-renamed-to-honor-krueger-s-contributions/article_10fff772-8b6a-11ed-9451-43476a063a5e.html,New Braunfels post office to be renamed to honor Krueger‚Äôs contributions,42356,1.02,US,GOVERNMENT_OFFICIAL,Rep. Lloyd Doggett,2009-09-28 13:24:19,The office of Congressman Lloyd Doggett -- http://Doggett.House.Gov/,2023-01-03 12:11:44 PST,2023-01-03,12:11:44,0,Link,https://www.facebook.com/100044523635861/posts/725640058930109,RepLloydDoggett,,
7876,Southwest Airlines‚Äôs holiday meltdown was inexcusable. No business can treat its customers like that and get away with it. The passengers and the public need answers about what went wrong and how Southwest will make sure it never happens again.,16,0,6,0,0,0,1,0,34,57,0,0,https://www.nytimes.com/2023/01/12/us/politics/southwest-cancellations-delays.html?partner=bloomberg,Democratic Senators Press Southwest Over Its Christmas Meltdown,133842,-1.19,US,GOVERNMENT_OFFICIAL,Senator Edward J. Markey,2007-12-14 0:25:43,"US Senator for Massachusetts. Chair of Subcommittees on Clean Energy, Climate and Nuclear Safety and",2023-01-12 15:53:56 PST,2023-01-12,15:53:56,0,Link,https://www.facebook.com/100044243478659/posts/752019189616190,EdJMarkey,,
2401,Thank you to everyone participating in the March for Life today. I‚Äôm so grateful for the work you have done and the progress we have made to date. We need to continue to work together to save lives.,227,45,5,1,9,0,1,3,156,447,0,0,,,17703,1.47,US,GOVERNMENT_OFFICIAL,U.S. Senator Mike Rounds,2015-01-01 19:42:34,United States Senator for the state of South Dakota,2023-01-20 14:58:01 PST,2023-01-20,14:58:01,0,Status,https://www.facebook.com/100044238915948/posts/740329510785006,SenatorMikeRounds,,
9826,"Starting this year, WA families & small business can save thousands of dollars on energy bills through new appliances, thanks to the Democrats‚Äô Inflation Reduction Act. üíµ‚ö°Ô∏è Read more about how these investments can benefit you. ‚¨áÔ∏è ",12,1,2,0,0,0,0,0,11,26,0,0,https://www.washingtonpost.com/climate-solutions/interactive/2023/home-energy-tax-breaks/?itid=hp-top-table-main_p001_f003,How to make your home more energy efficient ‚Äî and get a tax break too,34761,-1.81,US,GOVERNMENT_OFFICIAL,Congresswoman Suzan DelBene,2012-12-19 16:08:29,"Official page for Congresswoman Suzan DelBene, representing Washington's 1st Congressional District",2023-01-30 13:12:05 PST,2023-01-30,13:12:05,0,Link,https://www.facebook.com/100044592940488/posts/765528891610202,RepDelBene,,
9326,"On Martin Luther King Jr. Day, we must remain vigilant and continue to fight racism and hatred in all its forms, working together toward a more just and fair future. My full statement here: ",27,2,1,0,0,0,0,1,2,33,0,0,https://bit.ly/3ZDT2nA,McCollum Statement on Dr. Martin Luther King Jr. Day 2023,30215,-1.18,US,GOVERNMENT_OFFICIAL,Congresswoman Betty McCollum,2011-02-08 22:45:22,"Proudly representing Minnesota's Fourth District. For more information, visit my website (mccollum.h",2023-01-16 06:05:04 PST,2023-01-16,6:05:04,0,Link,https://www.facebook.com/100045099313469/posts/713817820131522,repbettymccollum,,
8101,TUNE IN NOW ‚û°Ô∏è I‚Äôm leading another roundtable to discuss the ongoing threats to our energy security. We will cover everything from increasing domestic energy production to reducing our dependence on foreign adversaries like China and Russia. Check it out here:,16,4,6,0,0,0,0,0,27,53,0,0,https://www.youtube.com/watch?v=DmH5aWcDTOc,A Roundtable on American Energy Security,33592,-4.38,US,GOVERNMENT_OFFICIAL,Congresswoman Cathy McMorris Rodgers,2010-02-09 16:34:35,Working to keep the American Dream alive.,2023-01-26 07:22:25 PST,2023-01-26,7:22:25,0,YouTube,https://www.facebook.com/100044818170452/posts/705377774299489,mcmorrisrodgers,,
8651,"üìà +223,000 jobs in December üìâ Unemployment down to 3.5% üìà 10.7+ million jobs added since January 2021 The December jobs report is another sign the economy is on the move. I am focused on continuing to work to lower costs for Northwest Washington working families.",29,3,1,0,0,0,0,1,10,44,0,0,https://www.cnbc.com/2023/01/06/jobs-report-december-2022-nonfarm-payrolls-rose-223000-in-december-as-strong-jobs-market-tops-expectations.html,"Nonfarm payrolls rose 223,000 in December, as strong jobs market tops expectations",23781,-1.64,US,GOVERNMENT_OFFICIAL,Representative Rick Larsen,2010-07-29 19:26:18,This is the official Facebook page for Rep. Rick Larsen of Washington's 2nd Congressional District.,2023-01-10 11:47:59 PST,2023-01-10,11:47:59,0,Link,https://www.facebook.com/100044630520266/posts/716530379844640,RepRickLarsen,,
4626,Let women choose.,106,22,2,0,0,0,1,4,25,160,0,0,,,34812,2.03,US,GOVERNMENT_OFFICIAL,Donald Norcross,2009-10-04 18:47:40,"Representing the First District of New Jersey. 
Husband, father, grandfather, electrician",2023-01-20 14:00:03 PST,2023-01-20,14:00:03,0,Status,https://www.facebook.com/100044777359708/posts/722314212604484,DonaldNorcrossNJ,,
4376,This guy got bailed out by a bunch of celebrities & activists... and tried to kill somebody! But here‚Äôs the thing that no one is talking about...,84,4,25,6,21,0,0,20,15,175,5311,14629,https://www.facebook.com/SeanDuffyWI/videos/859182118671860/,Hollywood Celebs HUMILIATED,54514,-3.47,US,GOVERNMENT_OFFICIAL,Sean Duffy,2011-01-04 18:17:26,"A devoted husband of one, a proud father of nine, FOX NEWS contributor, former U.S. Representative.",2023-01-02 08:29:02 PST,2023-01-02,8:29:02,5243,Native Video,https://www.facebook.com/100044640670923/posts/682847806546569,SeanDuffyWI,0:04:27,crosspost
626,"For four years, we have made South Dakota the state where anyone can build their American Dream. We have strengthened families. We have secured the state. And we‚Äôre just getting started.",1926,377,7,0,3,0,9,60,146,"2,528",0,0,https://www.facebook.com/photo.php?fbid=714901626674545&set=a.406202637544447&type=3,Photos from Kristi Noem's post,194020,1.32,US,POLITICIAN,Kristi Noem,2010-02-15 7:38:41,"If you have a question for my official Governor office, please visit http://sd.gov/governor",2023-01-10 14:27:20 PST,2023-01-10,14:27:20,0,Photo,https://www.facebook.com/100044641410115/posts/714902213341153,kristiforgovernor,,
8926,"We get elected to Congress to serve the people, and this isn‚Äôt serving anyone. We need to hold the administration accountable, secure the border, and do the things we promised we would do in the majority. It‚Äôs time to elect McCarthy as Speaker so we can get to work.",17,0,2,0,0,0,0,3,17,39,326,0,https://www.facebook.com/CongressmanDavidValadao/videos/941554096864145/,It's time to get to work.,16797,-1.9,US,GOVERNMENT_OFFICIAL,Congressman David G. Valadao,2013-01-31 14:07:16,Proudly representing California's 22nd Congressional District,2023-01-05 08:20:04 PST,2023-01-05,8:20:04,295,Native Video,https://www.facebook.com/100047345825838/posts/691587742429414,CongressmanDavidValadao,0:02:36,owned
3001,"Thanks to Democrats‚Äô Inflation Reduction Act, we are finally empowering Medicare to negotiate and lower the cost of prescription drug prices. Last week, the Biden Administration unveiled their plan to implement this policy so more people can afford medicine they need when they need it.",92,28,22,0,0,0,3,10,163,318,0,0,https://www.axios.com/2023/01/11/medicare-drug-price-negotiation-hhs-process,Biden administration outlines drug price negotiation plans,262413,1.94,US,GOVERNMENT_OFFICIAL,Senator Tammy Duckworth,2013-01-03 17:35:17,"U.S. Senator Tammy Duckworth is an Iraq War Veteran, Purple Heart recipient and former Assistant Secretary of the Department of Veterans Affairs. She was among the first Army women to fly combat missions during Operation Iraqi Freedom. Duckworth served in the Reserve Forces for 23 years before retiring from military service in 2014 at the rank of Lieutenant Colonel. She was elected to the U.S. Senate in 2016 after representing Illinois‚Äôs Eighth Congressional District in the U.S. House of Representatives for two terms.

Duckworth attended college at the University of Hawaii and earned a Master of Arts in International Affairs from the George Washington University. Following graduation, Duckworth, who is fluent in Thai and Indonesian, moved to Illinois and began pursuing a Ph.D. in Political Science at Northern Illinois University. She also worked at NIU‚Äôs School of Nursing researching public health and environmental causes of cancer. Later, Duckworth worked for Rotary International as a manager for administration of Rotary clubs in the Asia Pacific Region.

In 2004, Duckworth was deployed to Iraq as a Black Hawk helicopter pilot for the Illinois Army National Guard. On November 12, 2004, her helicopter was hit by an RPG and Duckworth lost her legs and partial use of her right arm.

Senator Duckworth spent the next year recovering at Walter Reed Army Medical Center, where she quickly became an advocate for her fellow Soldiers and testified before Congress about caring for our Veterans and wounded warriors. Following her recovery, she became Director of the Illinois Department of Veterans Affairs, working to create a tax credit for employers who hired Veterans, establish a first-in-the-nation 24/7 Veterans crisis hotline and develop innovative programs to improve Veterans‚Äô access to housing and health care.

In 2009, President Obama appointed Duckworth to be Assistant Secretary of Veterans Affairs. At VA, Duckworth coordinated the joint initiative with the U.S. Department of Housing and Urban Development to end Veteran homelessness. She also created the Office of Online Communications to improve the VA‚Äôs accessibility, especially among young Veterans, and also worked to address the unique challenges that Native American and female Veterans face.

Since her recovery, Duckworth has resumed flying as a civilian pilot and fulfilled a promise she made at Walter Reed by completing several marathons. In her spare time, she volunteers at local food pantries and enjoys couponing and flea markets. In 2015, Duckworth completed her Ph.D in Human Services at Capella University.

In the U.S. House, Duckworth was an advocate for working families and job creation, introducing bills like her bipartisan Friendly Airports for Mothers Act to ensure new mothers have access to safe, clean and accessible lactation rooms when traveling through airports, which passed the Senate. She introduced the In the Red Act to help put our nation on the path toward debt-free college, the Get the Lead Out Act to keep America‚Äôs drinking water safe and bipartisan legislation to help close the skills gap while helping people find good-paying jobs. Duckworth also co-sponsored the No Budget, No Pay Act, which would ensure members of Congress only get paid if they pass a budget.

She also served on the House Armed Services Committee and the House Oversight and Government Reform Committee, where she was Ranking Member of the Transportation and Public Assets subcommittee. She introduced and helped pass several important policies through her work on these committees, including the Clay Hunt SAV Act to help reduce Veterans suicide and improve VA mental health services and the Troop Talent Act which helps returning Veterans find jobs in the private sector. She also effectively cut waste and fraud at the Pentagon and throughout government, including passing a common-sense provision to reduce redundancy in Armed Forces uniforms that the nonpartisan U.S. Government Accountability Office found will save taxpayers more than $4 billion over 5 years.

In the U.S. Senate, Duckworth serves on several influential committees that give her an important platform to advocate for Illinois‚Äôs working families and entrepreneurs: the Environment & Public Works Committee; the Energy & Natural Resources Committee; the Commerce, Science, & Transportation Committee; and the Small Business & Entrepreneurship Committee. As Senator, she advocates for practical, common-sense solutions needed to move our country and our state forward like: rebuilding our crumbling infrastructure, keeping our water systems safe and lead-free, growing manufacturing jobs while supporting minority-owned small businesses, investing in communities that have been ignored for too long, and making college more affordable for all Americans. And Duckworth continues with her lifelong mission of supporting, protecting and keeping the promises we‚Äôve made to our Veterans as well as ensuring that we stand fully...",2023-01-19 07:04:33 PST,2023-01-19,7:04:33,0,Link,https://www.facebook.com/100044433069554/posts/765831558241273,SenDuckworth,,
3576,"Today is National Law Enforcement Appreciation Day. I am always proud of the 1st District‚Äôs men and women in blue. Rest assured, this new Republican majority will always have your back.",104,10,3,0,1,0,0,3,122,243,0,0,https://www.facebook.com/photo.php?fbid=718592566291838&set=a.430085771809187&type=3,,36460,1.45,US,GOVERNMENT_OFFICIAL,Congressman Buddy Carter,2015-01-07 15:31:43,Proudly serving Georgia's 1st Congressional District,2023-01-09 14:11:07 PST,2023-01-09,14:11:07,0,Photo,https://www.facebook.com/100044233036282/posts/718592626291832,CongressmanBuddyCarter,,
2651,I‚Äôm saddened to hear of the shooting at Starts Right Here in Des Moines. I‚Äòve seen the positive impact Will Keeps and his staff have on young Iowans. Keeping all those impacted in my prayers.,54,5,1,0,5,25,17,5,271,383,0,0,,,65575,2.1,US,GOVERNMENT_OFFICIAL,Senator Joni Ernst,2014-12-03 14:53:55,"Mother and combat veteran, fighting for a more accountable and less wasteful Washington. ",2023-01-23 13:10:48 PST,2023-01-23,13:10:48,0,Status,https://www.facebook.com/100044363112610/posts/710521293769968,senjoniernst,,
3426,"This week, Illinois became the ninth state to ban assault weapons. Gun violence is an epidemic felt in every corner of the country. Common sense legislation like this will get dangerous weapons out of our communities. This legislation is a step towards saving lives in Illinois. ",102,30,7,1,13,1,2,3,101,260,0,0,https://www.cbsnews.com/chicago/news/pritzker-signs-illinois-assault-weapons-ban/,Gov. JB Pritzker signs Illinois assault weapons ban,67216,-1.79,US,POLITICIAN,Dick Durbin,2007-12-14 0:22:04,"Throughout his years in Congress, Senator Durbin has worked hard to advocate the state's views on na",2023-01-12 13:01:01 PST,2023-01-12,13:01:01,0,Video,https://www.facebook.com/100044243748602/posts/746459520172166,dickdurbin,,
3051,My thoughts are with the family of Tyre Nichols & all those who loved him. He should still be with us today. His death is a sad reminder that change is overdue & I remain committed to passing the George Floyd Justice in Policing Act to advance meaningful reforms in public safety.,166,19,3,1,2,3,58,15,44,311,0,0,,,121635,-2.19,US,GOVERNMENT_OFFICIAL,Senator Tammy Baldwin,2009-04-16 19:06:07,Proudly representing Wisconsin in the United States Senate.,2023-01-30 09:20:12 PST,2023-01-30,9:20:12,0,Status,https://www.facebook.com/100044433726307/posts/743447587146359,senatortammybaldwin,,
6176,"#ICYMI: I am leading the House Subcommittee on Innovation, Data and Commerce. With a laser-focus on protecting all Americans, the Subcommittee will pursue uniform data privacy protections, enhanced safeguards to protect children from harmful content while online, and strategies that will enhance American innovation and global competitiveness. This week, we will hold our first hearing on enhancing American global technology leadership to counter competition from China and prevent the Chinese Communist Party from deciding our economic future.",28,6,5,1,0,0,0,1,54,95,0,0,https://www.chronicleonline.com/news/local/bilirakis-to-lead-house-subcommittee-on-innovation-data-commerce/article_aa178b16-ad42-5f7c-96a7-662ccf13c743.html,"Bilirakis to lead House subcommittee on innovation, data, commerce",24569,1.53,US,GOVERNMENT_OFFICIAL,Congressman Gus Bilirakis,2010-07-06 16:36:53,Congressman for Florida's 12th Congressional District,2023-01-31 09:18:01 PST,2023-01-31,9:18:01,0,Link,https://www.facebook.com/100044423799906/posts/748858586604928,GusBilirakis,,
3501,"Congratulations to the new Speaker of the House, Kevin McCarthy! The American people expect their representatives to address the challenges facing our nation, which includes working to curb inflation by reducing out-of-control federal spending, lowering energy costs by investing in North American energy, and cracking down on illicit drugs killing citizens across our country by securing the southern border. Hardworking families in Ohio and across our country deserve no less.",31,2,22,1,2,2,0,2,189,251,0,0,,,16447,1.77,US,GOVERNMENT_OFFICIAL,Bob Latta,2009-06-04 23:27:53,"Official Facebook page for Congressman Bob Latta, who represents Ohio's Fifth Congressional District",2023-01-07 06:50:51 PST,2023-01-07,6:50:51,0,Status,https://www.facebook.com/100044605651726/posts/710201977143318,boblatta,,
3651,"Last week, I voted to defund the 87,000 IRS agents that the left created last Congress to audit small businesses and families. The Family and Small Business Taxpayer Protection Act repeals the IRS enforcement funding passed under the so-called Inflation Reduction Act and ends this unnecessary harassment from an already dysfunctional agency. Thanks to the left's overspending, Americans already pay more for things needed in everyday life, like food and gas. There is no reason for the government to place blame on hard-working American taxpayers. Defunding these new IRS agents allows for less government overreach, and as your representative, I am working hard to defend my constituents who work every day to provide for their families.",142,4,3,0,0,0,0,12,74,235,0,0,,,48076,-1.68,US,GOVERNMENT_OFFICIAL,Rep. Austin Scott,2011-01-05 20:51:57,Rep. Austin Scott represents Georgia's 8th Congressional District.,2023-01-18 08:25:42 PST,2023-01-18,8:25:42,0,Status,https://www.facebook.com/100044139954294/posts/732567511557907,RepAustinScott,,
1876,Joe Biden compromised our national security when he left classified documents in his personal garage.,253,3,22,5,9,2,2,11,330,637,0,0,,,140806,1.37,US,GOVERNMENT_OFFICIAL,Sen. Marsha Blackburn,2007-12-14 0:26:16,"Washington D.C.
B40B Dirksen Senate Office Building
Washington, DC 20510
Telephone (202) 224-3344

Chattanooga
10 West M. L. King Blvd., 6th Floor
Chattanooga, TN 37402
Telephone (423) 541-2939
 
Jackson
91 Stonebridge Blvd, Suite 103
Jackson, TN 38305
Telephone (731) 660-3971
 
Knoxville
800 Market Street, Suite 121
Knoxville, TN 37902
Telephone (865) 540-3781
 
Memphis
100 Peabody Place, Suite 1125
Memphis, TN 38103
Telephone (901) 527-9199
 
Tri-Cities
1105 East Jackson Blvd, Suite 4
Jonesborough, TN 37659
Telephone (423) 753-4009
 
Nashville
3322 West End Avenue Suite 610
Nashville, TN  37203
Phone: (629) 800-6600
Fax: (615) 298-2148",2023-01-17 16:39:14 PST,2023-01-17,16:39:14,0,Status,https://www.facebook.com/100044142653727/posts/724513095696772,marshablackburn,,
8376,"Putin's war has made our world much more dangerous. 90 seconds to ""doomsday"" is far too close for comfort. It is imperative that we continue our work to stop the spread of nuclear weapons and limit the chance for catastrophe.",18,0,4,0,1,9,2,5,9,48,0,0,https://www.usatoday.com/in-depth/news/nation/2023/01/24/doomsday-clock-2023-time-announced/11026446002/,Doomsday Clock 2023 time says the world is closer than ever to global catastrophe,17713,-1.15,US,GOVERNMENT_OFFICIAL,Bill Foster,2009-05-11 21:02:18,Congressman Bill Foster is a scientist and businessman representing the 11th Congressional District,2023-01-24 11:31:11 PST,2023-01-24,11:31:11,0,Link,https://www.facebook.com/100044701390362/posts/737322031101170,CongressmanBillFoster,,
5726,"Far too many Marylanders have felt the pain and loss that comes with addiction. But we know that a strong, effective and compassionate support system can make all the difference for people struggling with substance use disorders and give them and their loved ones hope for the future. This week, I visited Ashley Addiction Treatment in Harford County to recognize the tens of thousands of lives they‚Äôve helped save and rebuild. I also toured Dee‚Äôs Place in Baltimore where I was able to meet Marylanders who shared stories of recovery, perseverance, and strength to overcome substance use disorders. Both of these centers do amazing work to help individuals reclaim their lives. That‚Äôs why I was pleased to announce that I had secured over $1 million in federal funds, split roughly evenly between them, so they can continue to serve more Marylanders and save more lives. I want to thank the dedicated teams at Ashley Addiction Treatment Center and Dee‚Äôs Place for the work they do to help restore hope and build brighter futures.",57,7,3,1,1,0,2,2,38,111,0,0,https://www.facebook.com/photo.php?fbid=737691757718781&set=a.439650620856231&type=3,Photos from Senator Van Hollen's post,96089,-1.39,US,GOVERNMENT_OFFICIAL,Senator Van Hollen,2009-07-30 16:46:28,Government Official,2023-01-20 12:50:49 PST,2023-01-20,12:50:49,0,Photo,https://www.facebook.com/100044338904073/posts/737706671050623,chrisvanhollen,,
2626,I am glad to have worked with my Republican colleagues in introducing a bill that will require the Secretary of Defense to offer full reinstatement to servicemembers who were unjustly fired for Biden's COVID vaccine mandate.,158,28,12,1,2,0,2,10,178,391,0,0,https://tennesseestar.com/2023/01/26/senator-marsha-blackburn-introduces-bill-that-would-reinstate-u-s-service-members-who-were-fired-for-refusing-covid-19-vaccine/,Senator Marsha Blackburn Introduces Bill that Would Reinstate U.S. Service Members Who Were Fired for Refusing COVID-19 Vaccine - Tennessee Star,140887,1.99,US,GOVERNMENT_OFFICIAL,Sen. Marsha Blackburn,2007-12-14 0:26:16,"Washington D.C.
B40B Dirksen Senate Office Building
Washington, DC 20510
Telephone (202) 224-3344

Chattanooga
10 West M. L. King Blvd., 6th Floor
Chattanooga, TN 37402
Telephone (423) 541-2939
 
Jackson
91 Stonebridge Blvd, Suite 103
Jackson, TN 38305
Telephone (731) 660-3971
 
Knoxville
800 Market Street, Suite 121
Knoxville, TN 37902
Telephone (865) 540-3781
 
Memphis
100 Peabody Place, Suite 1125
Memphis, TN 38103
Telephone (901) 527-9199
 
Tri-Cities
1105 East Jackson Blvd, Suite 4
Jonesborough, TN 37659
Telephone (423) 753-4009
 
Nashville
3322 West End Avenue Suite 610
Nashville, TN  37203
Phone: (629) 800-6600
Fax: (615) 298-2148",2023-01-27 11:59:45 PST,2023-01-27,11:59:45,0,Link,https://www.facebook.com/100044142653727/posts/731229488358466,marshablackburn,,
3026,"A special thank you to Republican lawmakers for working with me from 2011 - 2019, then forcing the current administration to continue tax relief (even after they proposed a billion dollar tax increase). WI taxpayers are the real winners!",180,8,3,0,0,0,0,6,117,314,0,0,https://wisconsinwatch.org/2023/01/have-tax-cuts-saved-wisconsin-taxpayers-nearly-22-billion-over-the-last-12-years/,Have tax cuts saved Wisconsin taxpayers nearly $22 billion over the last 12 years?,505190,1.24,US,POLITICIAN,Scott Walker,2009-03-18 2:12:29,"Christian American Husband Father 45th Governor of WI Harley rider Fan of Packers, Brewers, Bucks, M",2023-01-26 16:12:22 PST,2023-01-26,16:12:22,0,Link,https://www.facebook.com/100044587922569/posts/719367189559539,scottkwalker,,
1176,Children aren‚Äôt disposable. They are valuable.,620,262,3,1,0,1,19,27,292,"1,225",0,0,,,146631,2.73,US,GOVERNMENT_OFFICIAL,Senator James Lankford,2011-01-04 14:32:14,United States Senator for the State of Oklahoma.,2023-01-29 17:09:02 PST,2023-01-29,17:09:02,0,Status,https://www.facebook.com/100044432946364/posts/752218276269264,SenatorLankford,,
1401,The rules for classified documents should not be partisan.,488,31,43,1,0,1,1,16,366,947,0,0,,,146640,2.05,US,GOVERNMENT_OFFICIAL,Senator James Lankford,2011-01-04 14:32:14,United States Senator for the State of Oklahoma.,2023-01-12 09:32:51 PST,2023-01-12,9:32:51,0,Status,https://www.facebook.com/100044432946364/posts/740805554077203,SenatorLankford,,
251,"While 60% of our people are living paycheck to paycheck and worker productivity is at an all-time high, it is not a radical notion to suggest that the CEOs of this country should not be paid 350x what the average worker at their companies are paid.",3370,402,24,2,18,6,37,573,836,"5,268",0,0,https://www.facebook.com/photo.php?fbid=740743167416507&set=a.410304167127077&type=3,,5632704,1.25,US,POLITICAL_CANDIDATE,Bernie Sanders,2010-10-13 15:07:08,This is the official page for Bernie Sanders. Join our political revolution!,2023-01-17 09:39:53 PST,2023-01-17,9:39:53,0,Photo,https://www.facebook.com/100044424909727/posts/740743390749818,berniesanders,,
6726,"The first action of the Republican-controlled House was to gut the Office of Congressional Ethics. The second: a bill to massively increase the deficit, protect wealthy tax cheats, and make working families and small businesses ‚Äî who pay their taxes on time and in full ‚Äî wait longer for refunds. House Democrats are working to keep the funding in recently passed legislation to ensure the wealthiest individuals and massive corporations pay their fair share, while improving taxpayer services for honest and hard-working Americans.",29,1,4,3,12,1,1,5,24,80,0,0,,,21365,-1.44,US,GOVERNMENT_OFFICIAL,Congresswoman Julia Brownley,2013-02-08 3:08:34,Fighting #ForThePeople of California's 26th Congressional District,2023-01-09 18:33:14 PST,2023-01-09,18:33:14,0,Status,https://www.facebook.com/100044539543137/posts/744895903671721,RepBrownley,,
1851,"I was extremely disappointed to see the South Carolina Supreme Court strike down lifesaving legislation that protects unborn children from the moment of their first heartbeat. In a post-Roe America, it is essential that states take bold action to enshrine protections for the unborn. I urge the South Carolina General Assembly to use all the power at its disposal to fight for this pro-life legislation to be re-instated and take action to protect human life in its earliest stages. As we fight to move more of these important policy issues down to the states, this situation reminds us that we must reevaluate the way we vet and elect judges in South Carolina to ensure that activist judges are not able to override the will of the people.",94,5,25,1,3,11,4,16,491,650,0,0,,,48970,1.7,US,GOVERNMENT_OFFICIAL,Congressman Jeff Duncan,2011-01-19 20:51:42,"Christian, husband, father | SC-03 Congressman | Energy, Climate, & Grid Security Subcommittee Chair",2023-01-05 11:18:42 PST,2023-01-05,11:18:42,0,Status,https://www.facebook.com/100044400697269/posts/714830790006938,RepJeffDuncan,,
901,"Regarding the need to protect classified documents, there's no legal exception for Democratic politicians.",1170,14,15,0,10,1,0,125,322,"1,657",0,0,,,472998,-1.56,US,POLITICIAN,Tom Cotton,2011-07-27 14:54:45,"Tom Cotton is a proud husband, father, Army Veteran, and United States Senator for Arkansas.",2023-01-12 09:24:45 PST,2023-01-12,9:24:45,0,Status,https://www.facebook.com/100044589992206/posts/718973902932270,TomCottonAR,,
3901,No wonder young people overwhelmingly vote for radicals. That‚Äôs all they hear on most campuses. Their ‚Äúeducators‚Äù brand anything they disagree with as hate speech. We will not back down from sharing the truth at Young America's Foundation,137,3,9,3,1,1,1,9,46,210,0,0,https://www.yaf.org/news/angry-and-hurt-uw-madison-releases-complaints-filed-against-matt-walsh-lecture/,‚ÄòANGRY AND HURT‚Äô: UW-Madison Releases Complaints Filed Against Matt Walsh Lecture - Young America's Foundation,505410,-1.2,US,POLITICIAN,Scott Walker,2009-03-18 2:12:29,"Christian American Husband Father 45th Governor of WI Harley rider Fan of Packers, Brewers, Bucks, M",2023-01-06 12:13:49 PST,2023-01-06,12:13:49,0,Link,https://www.facebook.com/100044587922569/posts/706295400866718,scottkwalker,,
2476,"I‚Äôm glad the Attorney General appointed a special counsel to investigate President Biden‚Äôs mishandling of classified material. In the coming weeks, I will be reintroducing legislation to ensure there can be no political interference of special counsel investigations into President Biden, his family members, or any future administrations.",86,7,45,0,2,0,0,10,275,425,0,0,,,138629,-1.32,US,GOVERNMENT_OFFICIAL,Senator Thom Tillis,2015-01-06 15:22:28,Official Facebook account of North Carolina U.S. Senator Thom Tillis.,2023-01-12 13:24:16 PST,2023-01-12,13:24:16,0,Status,https://www.facebook.com/100044277857064/posts/727222065430382,SenatorThomTillis,,
3701,"This morning, I stood with Leader Congressman Hakeem Jeffries and other House Democrats to recognize the two years since the deadly Jan. 6 assault on the Capitol. #NeverForget As we remember the five brave officers who lost their lives on Jan. 6 and honor the more than 140 people who were injured defending our Capitol, we owe it to them to ensure that an attack on our Democracy NEVER happens again!",101,18,4,0,0,1,13,45,46,228,0,0,https://www.facebook.com/photo.php?fbid=678429383744735&set=a.378100080444335&type=3,Photos from Gregory Meeks's post,21525,2.92,US,POLITICIAN,Gregory Meeks,2008-10-23 17:39:12,Official page for Rep. Gregory W. Meeks representing NY's 5th Congressional District,2023-01-06 09:16:03 PST,2023-01-06,9:16:03,0,Photo,https://www.facebook.com/100047330375921/posts/678429850411355,RepGregoryMeeks,,
1701,Tune in as I speak live on the Senate floor,163,61,63,1,14,4,8,97,316,727,3669,0,https://www.facebook.com/senschumer/videos/3309763385941084/,Majority Leader Live,581774,1.06,US,GOVERNMENT_OFFICIAL,Senator Chuck Schumer,2008-06-18 5:15:55,"Official Account of Senator Chuck Schumer, New York‚Äôs Senator and the Senate Majority Leader.",2023-01-25 07:31:00 PST,2023-01-25,7:31:00,3251,Live Video Complete,https://www.facebook.com/100044238375809/posts/3309763385941084,senschumer,0:11:12,owned
3726,Holding criminals accountable who repeatedly break our laws is a no-brainer. But that‚Äôs not the case in NY thanks to the Far Left‚Äôs failed ‚ÄòBail Reform‚Äô Read about my bill that would encourage NY to change that üëá,50,1,22,0,1,0,0,0,152,226,0,0,https://www.adirondackdailyenterprise.com/news/local-news/2023/01/stefanik-reintroduces-bill-to-amend-state-bail-laws/,"Stefanik reintroduces bill to amend state bail laws | News, Sports, Jobs - Adirondack Daily Enterprise",123669,-1.01,US,POLITICIAN,Elise Stefanik,2013-07-22 13:23:19,Proudly representing NY's 21st District in Congress and serving as the House GOP Conference Chair,2023-01-19 16:34:53 PST,2023-01-19,16:34:53,0,Link,https://www.facebook.com/100044002275306/posts/740914937385242,EliseforCongress,,
5651,"In late 2021, Washingtonians overwhelmingly rejected an income tax despite the Democrats' best effort to label it anything else. Washington Republicans adamantly oppose new taxes - and the voters agree with us.",76,0,0,0,0,1,0,20,16,113,0,0,https://www.facebook.com/photo.php?fbid=498388682438272&set=a.186176383659505&type=3,Photos from Washington State Republican Party's post,45690,1.13,US,POLITICAL_ORGANIZATION,Washington State Republican Party,2008-01-21 3:19:29,We are dedicated to preserving a constitutional republic that promotes conservative values.,2023-01-05 13:13:42 PST,2023-01-05,13:13:42,0,Photo,https://www.facebook.com/100068014322973/posts/498388869104920,WAGOP,,
2926,@TylerBowyer @TPusa Here is a clear map of how your state is trending based on federal representation. Only 11 states are free ‚Äî 12 are selling out our freedom 5 are erratic 7 are slipping rapidly toward tyranny ‚Äî & now 15 are fully tyrannical.,74,1,8,4,28,25,0,73,116,329,0,0,https://www.facebook.com/photo.php?fbid=737069844445344&set=a.425489322270066&type=3,,88633,-1.82,US,POLITICIAN,Wendy Rogers,2011-10-05 1:10:14,State Senator. Conservative America-First Republican in Arizona‚Äôs #LD6. Retired Air Force Lt Col.,2023-01-02 14:16:15 PST,2023-01-02,14:16:15,0,Photo,https://www.facebook.com/100044270057513/posts/737070067778655,WendyRogersAZ,,
9526,"House Republicans have introduced a bill to defund law enforcement, eliminating ATF. ATF is taking action on ghost guns, concealable firearms, background checks, and cracking down on gun traffickers. Defunding the ATF endangers our communities and empowers criminals.",9,0,0,0,12,0,0,4,6,31,0,0,,,27805,-2.32,US,GOVERNMENT_OFFICIAL,Congressman Mike Thompson,2007-12-14 0:10:38,Proudly representing the people of California's Fourth District,2023-01-18 16:08:09 PST,2023-01-18,16:08:09,0,Status,https://www.facebook.com/100044252182715/posts/737521217732944,RepMikeThompson,,
3626,Gun deaths in MD are up 46% from 2011 to 2020. This is staggering. These stats aren't just numbers. They're people who had stories to tell. They're broken families. They're grief on paper. It's my hope that we can make a bipartisan effort to pass more effective gun safety laws.,29,0,3,2,3,25,8,15,153,238,0,0,https://www.facebook.com/photo.php?fbid=717121086442103&set=a.411301633690718&type=3,,109778,1.15,US,GOVERNMENT_OFFICIAL,Senator Ben Cardin,2010-08-23 15:58:00,U.S. Senator for Maryland,2023-01-10 06:17:26 PST,2023-01-10,6:17:26,0,Photo,https://www.facebook.com/100044326544838/posts/717121193108759,senatorbencardin,,
6151,"House Republicans voted to give #BigOil open access to drill on public lands. Then, they voted against my amendment to protect Big Cypress National Preserve to stop this destructive #BigOilGiveaway from harming South Floridians who need it for clean H2O, hunting, fishing and tourism.",59,1,2,5,1,0,9,9,10,96,3088,0,https://www.facebook.com/RepDWS/videos/868147337600762/,Preserve Florida's Big Cypress,120245,1.52,US,GOVERNMENT_OFFICIAL,Rep. Debbie Wasserman Schultz,2009-05-11 21:42:03,"Congresswoman for Florida's 25th District. All points of view are welcome, but must be civil. Follow",2023-01-31 12:33:24 PST,2023-01-31,12:33:24,3060,Native Video,https://www.facebook.com/100044638800139/posts/738007777697176,RepDWS,0:01:52,owned
9076,"The first bill the House Republicans passed this year makes it easier for the wealthy to cheat on their taxes. That tells you all you need to know about their priorities. House Democrats are fighting for the things that matter to you: lower costs, better-paying jobs, & safer communities.",13,0,2,0,4,0,0,5,13,37,0,0,,,22762,-2.14,US,POLITICIAN,Rep. Lois Frankel,2013-01-10 20:39:05,Representing Florida's 22nd Congressional District | Follow me on Twitter & Instagram @RepLoisFrankel,2023-01-24 13:36:20 PST,2023-01-24,13:36:20,0,Status,https://www.facebook.com/100044894083793/posts/710472800459183,RepLoisFrankel,,
6601,"As House Republicans work to shore up American energy security, President Biden has attacked Minnesota‚Äôs resource independence. Earlier today, the Biden administration announced a 20-year ban on mining in Northern Minnesota. Rather than sourcing these important resources here at home while providing hundreds of jobs to hardworking Minnesotans, President Biden chose to rely on unethically sourced critical minerals from foreign rivals.",11,0,6,3,10,1,0,7,45,83,0,0,,,13405,-1.64,US,GOVERNMENT_OFFICIAL,Congressman Tom Emmer,2014-08-20 21:42:25,Official page for Congressman Tom Emmer (MN-06),2023-01-26 18:07:41 PST,2023-01-26,18:07:41,0,Status,https://www.facebook.com/100044815463014/posts/720026229501219,reptomemmer,,
6276,"Today, House Republicans are voting on a bill that will RAISE GAS PRICES until they‚Äôre allowed to expand drilling on public lands. It hurts working families to help #BigOil. I‚Äôm voting no.",29,0,2,3,16,2,1,12,27,92,0,0,,,38603,-1.41,US,GOVERNMENT_OFFICIAL,Congressman John Garamendi,2009-11-17 21:39:23,"Website: www.garamendi.house.gov
Twitter: @RepGaramendi
Instagram: @RepGaramendi",2023-01-27 07:31:22 PST,2023-01-27,7:31:22,0,Status,https://www.facebook.com/100045033972477/posts/708883493956110,repgaramendi,,
"2,051",Republicans believe that every parent deserves a say in their kid‚Äôs education. Democrats believe that parents who want a say in their kids‚Äô education are domestic terrorists.,189,3,29,3,6,3,0,26,304,563,0,0,,,123667,-1.31,US,POLITICIAN,Elise Stefanik,2013-07-22 13:23:19,Proudly representing NY's 21st District in Congress and serving as the House GOP Conference Chair,2023-01-23 15:44:52 PST,2023-01-23,15:44:52,0,Status,https://www.facebook.com/100044002275306/posts/743441993799203,EliseforCongress,,
7976,The House GOP's energy bill would restrict the federal government‚Äôs ability to respond to gas price spikes. This is reckless and extreme. Their position is clear ‚Äî they stand with Big Oil.,14,0,0,1,9,2,1,4,24,55,0,0,,,27421,-2.09,US,GOVERNMENT_OFFICIAL,Rosa DeLauro,2011-02-07 14:25:25,Proudly serving the Third District of Connecticut.  This is an official page maintained by Congressw,2023-01-26 10:08:29 PST,2023-01-26,10:08:29,0,Status,https://www.facebook.com/100044446690856/posts/733997881425095,CongresswomanRosaDeLauro,,
1801,"On what would‚Äôve been the 50th anniversary of Roe v. Wade, we rededicate ourselves to the fight for reproductive freedom. We will continue to call out Republicans for their extreme anti-choice agenda, and the American people will again hold them accountable at the ballot box.",276,44,43,2,3,2,6,33,258,667,0,0,,,1664066,-1.37,US,POLITICAL_PARTY,Democratic Party,2008-04-17 15:04:36,"We‚Äôre organizing everywhere to build a better, fairer, and brighter future for all people.",2023-01-22 09:40:00 PST,2023-01-22,9:40:00,0,Status,https://www.facebook.com/100044308575533/posts/760804732073139,democrats,,
76,"If President Biden is so eager to speak on the economy, then he should set a date to discuss a responsible debt ceiling increase. We must finally address Washington‚Äôs irresponsible government spending if we want to put America on a better fiscal path.",7388,609,102,7,20,2,18,463,2473,"11,082",0,0,,,863371,1.41,US,GOVERNMENT_OFFICIAL,Speaker Kevin McCarthy,2009-02-13 21:05:34,Speaker of the House and Representative of California's 20th District.,2023-01-26 11:21:56 PST,2023-01-26,11:21:56,0,Status,https://www.facebook.com/100044525615716/posts/734482938045887,SpeakerMcCarthy,,
2326,The cartels are wreaking havoc at our southern border ‚Äì and flooding our communities with deadly drugs. #BidenBorderCrisis,78,1,13,2,44,15,0,18,298,469,0,0,https://t.co/9wANpzWZ8f,"For Texas border officials, cartel drones are the latest headache",1752504,-1.36,US,GOVERNMENT_OFFICIAL,Senator Ted Cruz,2013-01-04 19:26:11,Official Facebook page of U.S. Sen. Ted Cruz (R-TX).,2023-01-22 12:23:53 PST,2023-01-22,12:23:53,0,Link,https://www.facebook.com/100044423499786/posts/732344694922974,SenatorTedCruz,,
1076,Did Biden's lawyers even have proper security clearance to search for classified information in his home? I joined Mornings with Maria to discuss updates on the Biden document scandal. Watch here:,621,6,34,40,174,4,2,216,253,"1,350",23428,0,https://www.facebook.com/RepAustinScott/videos/923298101998630/,,48082,12.98,US,GOVERNMENT_OFFICIAL,Rep. Austin Scott,2011-01-05 20:51:57,Rep. Austin Scott represents Georgia's 8th Congressional District.,2023-01-20 10:34:38 PST,2023-01-20,10:34:38,23051,Native Video,https://www.facebook.com/100044139954294/posts/734040354743956,RepAustinScott,0:10:35,owned
476,Inflation‚Äôs slowing down. Unemployment‚Äôs at a 50-year low. Millions of people have been able to go back to work. Republicans in Congress want to throw away our progress and slash taxes for the rich and powerful‚Äîbut I‚Äôll keep fighting to build an economy that works for working people.,2133,241,91,2,7,1,17,149,657,"3,298",0,0,,,3335595,-1.24,US,POLITICAL_CANDIDATE,Elizabeth Warren,2008-12-06 15:00:24,"United States Senator from Massachusetts, former teacher. (official campaign account)",2023-01-31 14:31:28 PST,2023-01-31,14:31:28,0,Status,https://www.facebook.com/100044535215020/posts/740563970771437,ElizabethWarren,,
3076,"The Far Left and the mainstream media won‚Äôt show outrage over this illegal behavior by Joe Biden, but our House GOP Majority will. We will demand answers, stop the politicization of the corrupt FBI & DOJ, and hold the Biden Crime Family accountable. ",55,2,30,1,2,0,0,7,210,307,0,0,https://nypost.com/2023/01/10/gop-rages-as-biden-classified-docs-hidden-until-after-midterms/,GOPers rage as Biden classified docs discovery hidden until after midterms,123650,1.36,US,POLITICIAN,Elise Stefanik,2013-07-22 13:23:19,Proudly representing NY's 21st District in Congress and serving as the House GOP Conference Chair,2023-01-11 14:19:59 PST,2023-01-11,14:19:59,0,Link,https://www.facebook.com/100044002275306/posts/734091114734291,EliseforCongress,,
2976,"Despite Biden‚Äôs claims, the solution to our energy crisis is not draining our emergency reserves‚Äì it‚Äôs UNLEASHING American energy dominance. The House GOP will vote on the Strategic Production Response Act to ensure the Biden Admin has a plan to increase domestic production.",170,20,24,1,1,1,0,8,97,322,0,0,,,123674,-2.26,US,POLITICIAN,Elise Stefanik,2013-07-22 13:23:19,Proudly representing NY's 21st District in Congress and serving as the House GOP Conference Chair,2023-01-25 12:37:13 PST,2023-01-25,12:37:13,0,Status,https://www.facebook.com/100044002275306/posts/744618267014909,EliseforCongress,,
7951,"At the start of the 118th Congress, Democrats remain united around the common purpose of serving the American people. I joined Heather Holmes KTVU and Alex Savidge KTVU at KTVU Fox 2 to discuss my vote today for Congressman Hakeem Jeffries for Speaker of the House, Democratic plans to support American families and workers in the new Congress, and House Republicans' inability to govern.",41,2,2,0,0,0,1,3,6,55,451,0,https://www.facebook.com/RepMarkDeSaulnier/videos/716831553190860/,,23234,-1.02,US,GOVERNMENT_OFFICIAL,Rep. Mark DeSaulnier,2015-01-05 0:22:52,"Honored to represent California's 11th Congressional District. Serving on the House Education and Workforce and Oversight and Government Reform Committees.

Policy on user comments: Please note this is the official Facebook page for Congressman DeSaulnier. The office reserves the right to block users or remove any items, comments, or photos found to be vulgar, offensive, inaccurate, inappropriate, or spam.",2023-01-03 16:54:08 PST,2023-01-03,16:54:08,407,Native Video,https://www.facebook.com/100044288956834/posts/724051032414522,RepMarkDeSaulnier,0:04:09,owned
1576,What we‚Äôve seen this week from House Republicans is more chaos and ultra MAGA proposals. House Republicans have been focused on delivering for wealthy special interests and the extreme wing of their party. Democrats will stand up for the American people.,333,45,82,0,5,1,5,35,293,799,0,0,,,581652,-1.3,US,GOVERNMENT_OFFICIAL,Senator Chuck Schumer,2008-06-18 5:15:55,"Official Account of Senator Chuck Schumer, New York‚Äôs Senator and the Senate Majority Leader.",2023-01-13 07:14:25 PST,2023-01-13,7:14:25,0,Status,https://www.facebook.com/100044238375809/posts/750787463072526,senschumer,,
5751,"It appears from this never-ending vote for Speaker, House Republicans are already in chaos, confusion & crisis. House Democrats are united. We are ready to get to work #ForThePeople.",15,2,23,1,0,0,0,1,68,110,0,0,https://www.facebook.com/photo.php?fbid=713289406830958&set=a.398070591686176&type=3,,23739,3.24,US,GOVERNMENT_OFFICIAL,Congressman Hank Johnson,2009-08-24 13:43:14,"I represent Georgia's Fourth Congressional District - DeKalb, Rockdale and Newton counties",2023-01-03 13:19:02 PST,2023-01-03,13:19:02,0,Photo,https://www.facebook.com/100044497151545/posts/713289450164287,RepHankJohnson,,
9951,"Will the FBI ravage Biden‚Äôs homes to investigate? Will federal agents rip through Jill Biden‚Äôs personal belongings? Doubt it. The hypocrisy is outrageous, and the American people know it!",7,0,4,1,4,0,0,2,6,24,0,0,https://www.foxnews.com/politics/classified-documents-bidens-time-vice-president-discovered-penn-biden-center-white-house-says,"Classified documents from Biden's time as vice president discovered at Penn Biden Center, White House says",28539,-1.33,US,POLITICIAN,Dr. Brian Babin,2013-12-16 16:50:21,Thank you for visiting my campaign FB page. If your intention was to visit my official House of Repr,2023-01-18 08:09:03 PST,2023-01-18,8:09:03,0,Link,https://www.facebook.com/100044226376505/posts/748923133258559,BabinForCongress,,
102,Our veterans risk everything to defend our nation. It is our sacred obligation to care for them. The PACT Act expands access to care and benefits for veterans and their survivors.,"5,674",878,119,15,25,10,118,641,1638,"9,118",0,0,https://www.facebook.com/photo.php?fbid=216399004297935&set=a.108973695040467&type=3,,11552481,-3.0,US,POLITICIAN,Joe Biden,2007-12-14 0:51:29,"Husband to Dr. Biden, proud father and grandfather. Ready to build back better for all Americans. ",2023-01-05 09:52:02 PST,2023-01-05,9:52:02,0,Photo,https://www.facebook.com/100077835098866/posts/216399027631266,joebiden,,
152,"In Real America: -You only spend what you can afford. -Criminals go to jail when they commit a crime. -In sports, boys compete against boys. Girls compete against girls. -No one cares about your pronouns. -And people stand for the flag!","4,541",759,63,3,7,1,3,452,1289,"7,118",0,0,,,645422,2.0,US,GOVERNMENT_OFFICIAL,Jim Jordan,2008-11-17 18:14:53,Proudly representing Ohio's 4th district and fighting for fiscal responsibility in Washington,2023-01-02 12:19:26 PST,2023-01-02,12:19:26,0,Status,https://www.facebook.com/100044528765819/posts/718553199638966,repjimjordan,,
352,"If Republicans hadn‚Äôt spent nearly $2 trillion on the Trump tax cuts, and if they hadn‚Äôt made it easier for rich people to cheat on their taxes, the U.S. wouldn‚Äôt need a debt ceiling increase this year. Or next year. The GOP ran up the tab with handouts to the wealthy and well-connected. And now they‚Äôre manufacturing a fake crisis as an excuse to slash Social Security and Medicare.","1,903",26,44,14,480,41,11,849,834,"4,202",0,0,,,3336073,-1.0,US,POLITICAL_CANDIDATE,Elizabeth Warren,2008-12-06 15:00:24,"United States Senator from Massachusetts, former teacher. (official campaign account)",2023-01-24 10:51:34 PST,2023-01-24,10:51:34,0,Status,https://www.facebook.com/100044535215020/posts/735990157895485,ElizabethWarren,,
552,It wasn't just one day two years ago. The GOP is now the Insurrection Party. #Jan6 Stand Up America,"1,042",24,65,26,289,201,9,271,936,"2,863",0,0,https://www.facebook.com/photo.php?fbid=710701480413105&set=a.478407646975824&type=3,,9623917,-3.0,US,POLITICIAN,Hillary Clinton,2015-04-06 2:53:47,"2016 Democratic Nominee, SecState, Senator, hair icon. Mom, Wife, Grandma x3, lawyer, advocate",2023-01-06 07:03:54 PST,2023-01-06,7:03:54,0,Photo,https://www.facebook.com/100044197791131/posts/710702620412991,hillaryclinton,,
652,"380,000 borrowers across Massachusetts would have already had some of their student debt cancelled if it wasn‚Äôt for baseless lawsuits from Republican officials. The President‚Äôs legal authority to #CancelStudentDebt is clear. Hard-working Americans deserve this relief.","1,576",124,29,1,19,12,16,59,587,"2,423",0,0,,,3377655,1.0,US,GOVERNMENT_OFFICIAL,U.S. Senator Elizabeth Warren,2013-01-10 16:12:52,Official page of the office of U.S. Senator Elizabeth Warren of Massachusetts,2023-01-30 15:40:18 PST,2023-01-30,15:40:18,0,Status,https://www.facebook.com/100044156213474/posts/737708021044398,senatorelizabethwarren,,
1052,"I've been urging U.S. Food and Drug Administration to expand access to medication abortion. Now, by removing medically unnecessary restrictions, the FDA is ensuring more Americans will receive reproductive health care. As Republican-controlled states criminalize abortion, this action is critical.",989,189,4,1,3,1,11,69,120,"1,387",0,0,https://www.nytimes.com/2023/01/03/health/abortion-pill-cvs-walgreens-pharmacies.html?smid=tw-nytimes&smtyp=cur,"Abortion Pills Can Now Be Offered at Retail Pharmacies, F.D.A. Says",3379351,2.0,US,GOVERNMENT_OFFICIAL,U.S. Senator Elizabeth Warren,2013-01-10 16:12:52,Official page of the office of U.S. Senator Elizabeth Warren of Massachusetts,2023-01-03 16:37:19 PST,2023-01-03,16:37:19,0,Link,https://www.facebook.com/100044156213474/posts/720460746102459,senatorelizabethwarren,,
1302,"When a parent runs to the drugstore for medicine to bring down their kid‚Äôs fever, they shouldn‚Äôt be confronted with empty shelf after empty shelf. We need answers about what‚Äôs behind these unacceptable shortages and how Johnson & Johnson plans to fix them.",712,24,18,1,3,2,14,47,225,"1,046",0,0,https://www.bostonglobe.com/2023/01/12/business/key-mass-lawmakers-demand-answers-jj-childrens-tylenol-motrin-shortages/,This is a re-share of a post,3336736,-1.0,US,POLITICAL_CANDIDATE,Elizabeth Warren,2008-12-06 15:00:24,"United States Senator from Massachusetts, former teacher. (official campaign account)",2023-01-13 11:20:34 PST,2023-01-13,11:20:34,0,Link,https://www.facebook.com/100044535215020/posts/729145571913277,ElizabethWarren,,
1402,"On his birthday, we celebrate the life and legacy of Dr. Martin Luther King Jr. We are living his dream, but there‚Äôs still plenty of work to be done. Let‚Äôs honor Dr. King as we fight for opportunities for every American regardless of skin color.",654,127,2,1,0,0,10,61,91,946,6333,0,https://www.facebook.com/votetimscott/videos/911356186552068/,,671309,-1.24,US,POLITICIAN,Tim Scott,2010-02-17 23:11:53,Proudly serving the great state of South Carolina. Fighting forward for the American Dream.,2023-01-16 06:58:35 PST,2023-01-16,6:58:35,6067,Native Video,https://www.facebook.com/100044534345164/posts/716451959849276,votetimscott,0:01:07,owned
1552,"Two years ago today, Donald Trump ""summoned the mob, assembled the mob, and lit the flame of this attack.""- Rep Liz Cheney The anger and resentment Donald Trump stoked with his ‚ÄòBig Lie‚Äô created a deadly event and left a stain on our nation‚Äôs history. He must be held accountable.",243,23,41,0,4,7,7,37,454,816,0,0:00:00,,,227722,-1.16,US,GOVERNMENT_OFFICIAL,Senator Dick Durbin,2011-02-08 16:48:03,Please make sure to keep all comments civil.,2023-01-06 07:14:53 PST,2023-01-06,7:14:53,0,Status,https://www.facebook.com/100043928209397/posts/729791055161828,SenatorDurbin,,
1752,"We live in the greatest country in the world and share a responsibility to defend our democracy. The violence we saw two years ago today stands as a stark reminder that our work is not over. Those responsible must be held accountable as we all come together. I‚Äôm proud of the bipartisan work we did at the end of last year to pass the Electoral Count Reform Act into law. This modernizes the process for certifying our free and fair elections, ensuring the peaceful transfer of power remains intact.",400,62,15,1,0,0,10,21,179,688,0,0,,,74834,1.67,US,GOVERNMENT_OFFICIAL,Senator Jon Tester,2009-12-11 23:36:31,U.S. Senator for Montana,2023-01-06 08:40:21 PST,2023-01-06,8:40:21,0,Status,https://www.facebook.com/100044314455346/posts/723900042430471,senatortester,,
1852,"In-person Girl Scout Cookie sales are right around the corner (beginning Sunday, February 5, 2023). What‚Äôs your favorite Girl Scout Cookie? Let me know in the comments below!",332,66,68,1,1,0,2,40,140,650,0,0,https://www.facebook.com/photo.php?fbid=719575349741186&set=a.241108187587907&type=3,,191914,1.31,US,POLITICIAN,Governor Jared Polis,2009-02-26 16:14:31,"Jared Polis is an independent leader who uses his private and public sector experience to find pragmatic solutions to the challenges facing Colorado and the nation. 

Polis believes that education is the single most meaningful investment America can make in its economic future and in its people. His efforts in this area focus on making accountability work at all levels, expanding educational models, and improving persistently failing schools with data-driven changes to successful achievement gaps.

Polis also works with Democrats and Republicans to reform our nation‚Äôs broken immigration policies, to advance the cause of civil rights and equality for all, and to protect Colorado and the world‚Äôs natural beauty and environment.

While still attending Princeton University, Polis co-founded his first company, American Information Systems, a success he followed with the launching of bluemountain.com and ProFlowers.com. He has been named an ‚ÄúEntrepreneur of the Year‚Äù by Ernst and Young.",2023-01-20 18:00:05 PST,2023-01-20,18:00:05,0,Photo,https://www.facebook.com/100050661811555/posts/719575366407851,jaredpolis,,
1952,The footage released tonight is difficult to watch. My office has been in contact with DOJ and will continue to work with our federal and local officials. I am confident the Memphis Police Department and State of Tennessee will conduct a thorough investigation. Chuck and I are praying for the loved ones of Tyre Nichols and for peace in Memphis and across our state.,150,11,6,1,1,7,39,10,377,602,0,0,,,140897,1.35,US,GOVERNMENT_OFFICIAL,Sen. Marsha Blackburn,2007-12-14 0:26:16,"Washington D.C.
B40B Dirksen Senate Office Building
Washington, DC 20510
Telephone (202) 224-3344

Chattanooga
10 West M. L. King Blvd., 6th Floor
Chattanooga, TN 37402
Telephone (423) 541-2939
 
Jackson
91 Stonebridge Blvd, Suite 103
Jackson, TN 38305
Telephone (731) 660-3971
 
Knoxville
800 Market Street, Suite 121
Knoxville, TN 37902
Telephone (865) 540-3781
 
Memphis
100 Peabody Place, Suite 1125
Memphis, TN 38103
Telephone (901) 527-9199
 
Tri-Cities
1105 East Jackson Blvd, Suite 4
Jonesborough, TN 37659
Telephone (423) 753-4009
 
Nashville
3322 West End Avenue Suite 610
Nashville, TN  37203
Phone: (629) 800-6600
Fax: (615) 298-2148",2023-01-27 18:45:03 PST,2023-01-27,18:45:03,0,Status,https://www.facebook.com/100044142653727/posts/731378155010266,marshablackburn,,
2052,"On January 27, 1945, Allied soldiers liberated Auschwitz-Birkenau‚Äî a concentration camp in occupied Poland where the Nazi regime murdered more than a million people ‚Äì freeing survivors and exposing the horrors inside. We are reminded of the devastating consequences of dehumanization and unchecked hatred by marking this occasion. Photo: https://bit.ly/3DkAfUq:=:https://www.auschwitz.org/en/gallery/historical-pictures-and-documents/liberation-and-foundation-of-the-museum,13.html",144,3,0,1,3,132,168,51,61,563,0,0,https://www.facebook.com/photo.php?fbid=724185205946867&set=a.241108187587907&type=3,,191972,1.13,US,POLITICIAN,Governor Jared Polis,2009-02-26 16:14:31,"Jared Polis is an independent leader who uses his private and public sector experience to find pragmatic solutions to the challenges facing Colorado and the nation. 

Polis believes that education is the single most meaningful investment America can make in its economic future and in its people. His efforts in this area focus on making accountability work at all levels, expanding educational models, and improving persistently failing schools with data-driven changes to successful achievement gaps.

Polis also works with Democrats and Republicans to reform our nation‚Äôs broken immigration policies, to advance the cause of civil rights and equality for all, and to protect Colorado and the world‚Äôs natural beauty and environment.

While still attending Princeton University, Polis co-founded his first company, American Information Systems, a success he followed with the launching of bluemountain.com and ProFlowers.com. He has been named an ‚ÄúEntrepreneur of the Year‚Äù by Ernst and Young.",2023-01-27 14:00:14 PST,2023-01-27,14:00:14,0,Photo,https://www.facebook.com/100050661811555/posts/724185219280199,jaredpolis,,
2252,"By capping insulin costs at $35 a month for seniors on Medicare, President Biden is providing more breathing room for American families.",267,35,21,2,2,1,1,17,145,491,0,0,,,1664617,-1.75,US,POLITICAL_PARTY,Democratic Party,2008-04-17 15:04:36,"We‚Äôre organizing everywhere to build a better, fairer, and brighter future for all people.",2023-01-30 07:00:29 PST,2023-01-30,7:00:29,0,Status,https://www.facebook.com/100044308575533/posts/766107308209548,democrats,,
2552,"Today was made possible because of the Pennsylvania Democrats who organized, knocked doors, donated, and voted.",279,58,6,0,1,1,1,4,57,407,0,0,,,87857,-2.86,US,POLITICIAN,Bob Casey,2007-12-14 0:35:52,Proud Pennsylvanian fighting for working families in the United States Senate. Official campaign acc,2023-01-03 18:04:38 PST,2023-01-03,18:04:38,0,Status,https://www.facebook.com/100047112517344/posts/701389244774820,BobCaseyJr,,
2652,"I am proud to be selected to serve on the Select Subcommittee on Weaponization of the Federal Government to lead the effort to root out government corruption. Accountability is coming, and @HouseGOP will deliver a government accountable to the people. ",56,2,37,0,2,0,0,4,282,383,0,0,https://stefanik.house.gov/2023/1/stefanik-appointed-to-select-subcommittee-on-weaponization-of-the-federal-government,Stefanik Appointed to Select Subcommittee on Weaponization of the Federal Government,58391,1.62,US,GOVERNMENT_OFFICIAL,Rep. Elise Stefanik,2015-01-05 16:04:57,"The official Facebook page for Congresswoman Elise Stefanik, proudly representing New York's 21 Dist.",2023-01-24 15:59:22 PST,2023-01-24,15:59:22,0,Link,https://www.facebook.com/100044381141073/posts/746527430169955,RepEliseStefanik,,
3002,"Today marks the 83rd anniversary of the first ever #SocialSecurity check, and Republicans are celebrating by trying to cut this vital program. I am determined to protect and expand the program American workers pay into with each and every paycheck.",113,51,5,0,0,0,4,16,129,318,0,0,,,33857,-1.06,US,GOVERNMENT_OFFICIAL,Congressman Bennie G. Thompson,2008-01-04 20:29:35,Proud to serve the people of the Second Congressional District of Mississippi.,2023-01-31 06:55:22 PST,2023-01-31,6:55:22,0,Status,https://www.facebook.com/100044590035210/posts/721444512685210,CongressmanBennieGThompson,,
3152,"Honored to be selected as the new Chairman of the Subcommittee on Environment, Manufacturing, and Critical Minerals for the House Energy and Commerce Committee. It‚Äôs time to get to work!",97,14,6,1,3,0,0,8,167,296,0,0,https://www.facebook.com/photo.php?fbid=732161764935211&set=a.415019223316135&type=3,,46408,-1.05,US,GOVERNMENT_OFFICIAL,Bill Johnson,2010-11-05 2:40:59,Official Facebook page of Rep. Bill Johnson of Ohio's 6th District. Follow this page for updates.,2023-01-26 08:22:29 PST,2023-01-26,8:22:29,0,Photo,https://www.facebook.com/100044241828943/posts/732161944935193,RepBillJohnson,,
3202,Reminder: every single Republican voted against empowering Medicare to lower prescription drug prices and cap out-of-pocket insulin costs to $35 a month. Every single Republican voted against the best interests of our seniors.,63,2,8,2,16,2,2,15,179,289,0,0,https://www.nytimes.com/2023/01/14/health/medicare-drug-prices.html?smid=tw-share,Medicare Begins to Rein In Drug Costs for Older Americans,262411,1.76,US,GOVERNMENT_OFFICIAL,Senator Tammy Duckworth,2013-01-03 17:35:17,"U.S. Senator Tammy Duckworth is an Iraq War Veteran, Purple Heart recipient and former Assistant Secretary of the Department of Veterans Affairs. She was among the first Army women to fly combat missions during Operation Iraqi Freedom. Duckworth served in the Reserve Forces for 23 years before retiring from military service in 2014 at the rank of Lieutenant Colonel. She was elected to the U.S. Senate in 2016 after representing Illinois‚Äôs Eighth Congressional District in the U.S. House of Representatives for two terms.

Duckworth attended college at the University of Hawaii and earned a Master of Arts in International Affairs from the George Washington University. Following graduation, Duckworth, who is fluent in Thai and Indonesian, moved to Illinois and began pursuing a Ph.D. in Political Science at Northern Illinois University. She also worked at NIU‚Äôs School of Nursing researching public health and environmental causes of cancer. Later, Duckworth worked for Rotary International as a manager for administration of Rotary clubs in the Asia Pacific Region.

In 2004, Duckworth was deployed to Iraq as a Black Hawk helicopter pilot for the Illinois Army National Guard. On November 12, 2004, her helicopter was hit by an RPG and Duckworth lost her legs and partial use of her right arm.

Senator Duckworth spent the next year recovering at Walter Reed Army Medical Center, where she quickly became an advocate for her fellow Soldiers and testified before Congress about caring for our Veterans and wounded warriors. Following her recovery, she became Director of the Illinois Department of Veterans Affairs, working to create a tax credit for employers who hired Veterans, establish a first-in-the-nation 24/7 Veterans crisis hotline and develop innovative programs to improve Veterans‚Äô access to housing and health care.

In 2009, President Obama appointed Duckworth to be Assistant Secretary of Veterans Affairs. At VA, Duckworth coordinated the joint initiative with the U.S. Department of Housing and Urban Development to end Veteran homelessness. She also created the Office of Online Communications to improve the VA‚Äôs accessibility, especially among young Veterans, and also worked to address the unique challenges that Native American and female Veterans face.

Since her recovery, Duckworth has resumed flying as a civilian pilot and fulfilled a promise she made at Walter Reed by completing several marathons. In her spare time, she volunteers at local food pantries and enjoys couponing and flea markets. In 2015, Duckworth completed her Ph.D in Human Services at Capella University.

In the U.S. House, Duckworth was an advocate for working families and job creation, introducing bills like her bipartisan Friendly Airports for Mothers Act to ensure new mothers have access to safe, clean and accessible lactation rooms when traveling through airports, which passed the Senate. She introduced the In the Red Act to help put our nation on the path toward debt-free college, the Get the Lead Out Act to keep America‚Äôs drinking water safe and bipartisan legislation to help close the skills gap while helping people find good-paying jobs. Duckworth also co-sponsored the No Budget, No Pay Act, which would ensure members of Congress only get paid if they pass a budget.

She also served on the House Armed Services Committee and the House Oversight and Government Reform Committee, where she was Ranking Member of the Transportation and Public Assets subcommittee. She introduced and helped pass several important policies through her work on these committees, including the Clay Hunt SAV Act to help reduce Veterans suicide and improve VA mental health services and the Troop Talent Act which helps returning Veterans find jobs in the private sector. She also effectively cut waste and fraud at the Pentagon and throughout government, including passing a common-sense provision to reduce redundancy in Armed Forces uniforms that the nonpartisan U.S. Government Accountability Office found will save taxpayers more than $4 billion over 5 years.

In the U.S. Senate, Duckworth serves on several influential committees that give her an important platform to advocate for Illinois‚Äôs working families and entrepreneurs: the Environment & Public Works Committee; the Energy & Natural Resources Committee; the Commerce, Science, & Transportation Committee; and the Small Business & Entrepreneurship Committee. As Senator, she advocates for practical, common-sense solutions needed to move our country and our state forward like: rebuilding our crumbling infrastructure, keeping our water systems safe and lead-free, growing manufacturing jobs while supporting minority-owned small businesses, investing in communities that have been ignored for too long, and making college more affordable for all Americans. And Duckworth continues with her lifelong mission of supporting, protecting and keeping the promises we‚Äôve made to our Veterans as well as ensuring that we stand fully...",2023-01-25 06:56:44 PST,2023-01-25,6:56:44,0,Link,https://www.facebook.com/100044433069554/posts/769722934518802,SenDuckworth,,
3452,"On International Holocaust Remembrance Day, we remember the six million Jews who were senselessly killed in the Holocaust and vow to be vigilant in never letting it happen again. But today, let us also remember the brave individuals who risked their lives to save Jews fleeing Nazi-occupied Europe. Yesterday, I introduced a bill with Senator Hagerty to posthumously award a Congressional Gold Medal to 60 diplomats, including two from the U.S., who issued passports and travel visas and set up safehouses to hide Jews from Nazi authorities. Let us learn from their heroic actions and never turn a blind eye to injustice.",132,14,0,0,0,3,50,9,48,256,0,0,,,301285,-2.48,US,GOVERNMENT_OFFICIAL,U.S. Senator Tim Kaine,2013-03-06 0:33:21,Official page of the office of U.S. Senator Tim Kaine of Virginia,2023-01-27 10:25:46 PST,2023-01-27,10:25:46,0,Status,https://www.facebook.com/100044239578681/posts/716300466521266,SenatorKaine,,
3652,"As Oregon and our country grapples with skyrocketing housing costs, the Hacienda CDC and Port of Portland Mass Casita project is a ray of light: affordable, modular mass timber housing. The housing crisis we face requires innovative solutions, and the project I toured on Friday truly fits the bill. The Mass Casitas project is a seed that‚Äîif we continue to nurture it‚Äîwill someday sprout a great forest of affordable, environmentally friendly homes across our state and, eventually, across our country.",85,12,8,1,0,0,1,7,121,235,0,0,https://www.kgw.com/article/news/local/mass-casitas-modular-homes-portland-housing/283-3f6ef33d-c3a5-4a92-a542-9573b85212f9?utm_campaign=snd-autopilot,Mass Casitas' modular homes on display as part of possible housing solution,186324,-1.03,US,GOVERNMENT_OFFICIAL,Senator Jeff Merkley,2009-04-23 20:56:27,U.S. Senator Jeff Merkley is the son of a millwright and the first in his family to attend college.,2023-01-28 16:44:32 PST,2023-01-28,16:44:32,0,Link,https://www.facebook.com/100044540165037/posts/729929668501699,jeffmerkley,,
3802,"Great visit at Henry County Medical Center speaking with staff and community leaders about my Rural Health Agenda, aimed at ensuring Tennesseans have quality care close to home.",111,11,10,1,0,0,2,6,79,220,0,0,https://www.facebook.com/photo.php?fbid=720728586075223&set=a.404656187682466&type=3,Photos from Sen. Marsha Blackburn's post,140755,-1.81,US,GOVERNMENT_OFFICIAL,Sen. Marsha Blackburn,2007-12-14 0:26:16,"Washington D.C.
B40B Dirksen Senate Office Building
Washington, DC 20510
Telephone (202) 224-3344

Chattanooga
10 West M. L. King Blvd., 6th Floor
Chattanooga, TN 37402
Telephone (423) 541-2939
 
Jackson
91 Stonebridge Blvd, Suite 103
Jackson, TN 38305
Telephone (731) 660-3971
 
Knoxville
800 Market Street, Suite 121
Knoxville, TN 37902
Telephone (865) 540-3781
 
Memphis
100 Peabody Place, Suite 1125
Memphis, TN 38103
Telephone (901) 527-9199
 
Tri-Cities
1105 East Jackson Blvd, Suite 4
Jonesborough, TN 37659
Telephone (423) 753-4009
 
Nashville
3322 West End Avenue Suite 610
Nashville, TN  37203
Phone: (629) 800-6600
Fax: (615) 298-2148",2023-01-12 16:59:09 PST,2023-01-12,16:59:09,0,Photo,https://www.facebook.com/100044142653727/posts/720728712741877,marshablackburn,,
3902,"As we celebrate #KoreanAmericanDay today, let us recognize the incredible contributions of Korean Americans in Maryland and communities across the country.",175,18,1,0,0,0,3,8,5,210,0,0,,,22065,2.44,US,GOVERNMENT_OFFICIAL,Congressman John Sarbanes,2012-03-27 20:08:59,"Representing Maryland's Third Congressional District. 

Chair of the Democracy Reform Task Force.",2023-01-13 13:14:05 PST,2023-01-13,13:14:05,0,Status,https://www.facebook.com/100045256262332/posts/717953073056562,RepSarbanes,,